-- phpMyAdmin SQL Dump
-- version 5.0.2
-- https://www.phpmyadmin.net/
--
-- Servidor: 127.0.0.1
-- Tiempo de generación: 08-02-2021 a las 23:06:31
-- Versión del servidor: 10.4.13-MariaDB
-- Versión de PHP: 7.2.32

SET SQL_MODE = "NO_AUTO_VALUE_ON_ZERO";
START TRANSACTION;
SET time_zone = "+00:00";


/*!40101 SET @OLD_CHARACTER_SET_CLIENT=@@CHARACTER_SET_CLIENT */;
/*!40101 SET @OLD_CHARACTER_SET_RESULTS=@@CHARACTER_SET_RESULTS */;
/*!40101 SET @OLD_COLLATION_CONNECTION=@@COLLATION_CONNECTION */;
/*!40101 SET NAMES utf8mb4 */;

--
-- Base de datos: `tfg`
--

-- --------------------------------------------------------

--
-- Estructura de tabla para la tabla `ac`
--

CREATE TABLE `ac` (
  `NIA_ALUMNE` int(11) NOT NULL,
  `CODI_ASSIGNATURA` int(11) NOT NULL,
  `ANY_ACADEMIC` varchar(7) NOT NULL,
  `NUM_PROVA` int(11) NOT NULL,
  `NUM_PREGUNTA` int(11) NOT NULL,
  `NUM_CRITERI` int(11) NOT NULL,
  `PUNTUACIO` int(11) DEFAULT NULL
) ENGINE=InnoDB DEFAULT CHARSET=utf8;

-- --------------------------------------------------------

--
-- Estructura de tabla para la tabla `alumne`
--

CREATE TABLE `alumne` (
  `NIA` int(11) NOT NULL,
  `NOM` varchar(15) DEFAULT NULL,
  `COGNOMS` varchar(25) DEFAULT NULL
) ENGINE=InnoDB DEFAULT CHARSET=utf8;

--
-- Volcado de datos para la tabla `alumne`
--

INSERT INTO `alumne` (`NIA`, `NOM`, `COGNOMS`) VALUES
(1322020, 'Francisco', 'Niel\r'),
(1322021, 'Pedro', 'Lopez\r'),
(1322022, 'Julia', 'Medina\r'),
(1322023, 'Marta', 'Perez\r'),
(1322024, 'Alba', 'Vicente\r'),
(1362022, 'Ethisam', 'Muhamad\r'),
(8456321, 'Pepe', 'Dominguez\r'),
(8654125, 'Jose', 'Hernandez\r');

-- --------------------------------------------------------

--
-- Estructura de tabla para la tabla `ap`
--

CREATE TABLE `ap` (
  `NIA_ALUMNE` int(11) NOT NULL,
  `CODI_ASSIGNATURA` int(11) NOT NULL,
  `ANY_ACADEMIC` varchar(7) NOT NULL,
  `NUM_PROVA` int(11) NOT NULL,
  `NOTA` int(11) DEFAULT NULL
) ENGINE=InnoDB DEFAULT CHARSET=utf8;

--
-- Volcado de datos para la tabla `ap`
--

INSERT INTO `ap` (`NIA_ALUMNE`, `CODI_ASSIGNATURA`, `ANY_ACADEMIC`, `NUM_PROVA`, `NOTA`) VALUES
(1322020, 1361414, '2020', 1, 8),
(1322021, 1361414, '2020', 1, 5),
(1322022, 1361414, '2020', 1, 2),
(1322023, 1361414, '2020', 1, 6),
(1322024, 1361414, '2020', 1, 2),
(1362022, 1361414, '2020', 1, 5),
(8456321, 1361414, '2020', 1, 5),
(8654125, 1361414, '2020', 1, 9);

-- --------------------------------------------------------

--
-- Estructura de tabla para la tabla `ap2`
--

CREATE TABLE `ap2` (
  `NIA_ALUMNE` int(11) NOT NULL,
  `CODI_ASSIGNATURA` int(11) NOT NULL,
  `ANY_ACADEMIC` varchar(7) NOT NULL,
  `NUM_PROVA` int(11) NOT NULL,
  `NUM_PREGUNTA` int(11) NOT NULL,
  `PUNTUACIO` int(11) DEFAULT NULL
) ENGINE=InnoDB DEFAULT CHARSET=utf8;

-- --------------------------------------------------------

--
-- Estructura de tabla para la tabla `assignatura`
--

CREATE TABLE `assignatura` (
  `CODI` int(11) NOT NULL,
  `ANY_ACADEMIC` varchar(7) NOT NULL,
  `NOM` varchar(40) DEFAULT NULL,
  `CURS` varchar(1) DEFAULT NULL,
  `SEMESTRE` varchar(1) DEFAULT NULL,
  `NOMBRE_CREDITS` int(11) DEFAULT NULL,
  `Credits_TEORIA` int(11) DEFAULT NULL,
  `Credits_PROBLEMES` int(11) DEFAULT NULL,
  `Credits_PRACTIQUES` int(11) DEFAULT NULL,
  `NUM_GRUPS` int(11) DEFAULT NULL
) ENGINE=InnoDB DEFAULT CHARSET=utf8;

--
-- Volcado de datos para la tabla `assignatura`
--

INSERT INTO `assignatura` (`CODI`, `ANY_ACADEMIC`, `NOM`, `CURS`, `SEMESTRE`, `NOMBRE_CREDITS`, `Credits_TEORIA`, `Credits_PROBLEMES`, `Credits_PRACTIQUES`, `NUM_GRUPS`) VALUES
(1361414, '2020', 'Redes', '4', '2', 9, 3, 3, 3, 41),
(1362020, '2020', 'Base de Datos', '2', '1', 6, 3, 2, 1, 40),
(1362302, '2020', 'TQS', '2', '1', 6, 2, 3, 1, 41),
(1362303, '2020', 'Álgebra', '2', '1', 6, 2, 3, 1, 2),
(1362345, '2020', 'Informática 1', '2', '1', 6, 2, 3, 1, 2);

-- --------------------------------------------------------

--
-- Estructura de tabla para la tabla `criteri`
--

CREATE TABLE `criteri` (
  `CODI_ASSIGNATURA` int(11) NOT NULL,
  `ANY_ACADEMIC` varchar(7) NOT NULL,
  `NUM_PROVA` int(11) NOT NULL,
  `NUM_PREGUNTA` int(11) NOT NULL,
  `NUM_CRITERI` int(11) NOT NULL,
  `DESCRIPCIO` varchar(25) DEFAULT NULL,
  `PUNTUACIO_MAXIMA` int(11) DEFAULT NULL
) ENGINE=InnoDB DEFAULT CHARSET=utf8;

-- --------------------------------------------------------

--
-- Estructura de tabla para la tabla `matricula`
--

CREATE TABLE `matricula` (
  `NIA_ALUMNE` int(11) NOT NULL,
  `CODI_ASSIGNATURA` int(11) NOT NULL,
  `ANY_ACADEMIC` varchar(7) NOT NULL
) ENGINE=InnoDB DEFAULT CHARSET=utf8;

--
-- Volcado de datos para la tabla `matricula`
--

INSERT INTO `matricula` (`NIA_ALUMNE`, `CODI_ASSIGNATURA`, `ANY_ACADEMIC`) VALUES
(1322020, 1361414, '2020'),
(1322021, 1361414, '2020'),
(1322022, 1361414, '2020'),
(1322023, 1361414, '2020'),
(1322024, 1361414, '2020'),
(1362022, 1361414, '2020'),
(8456321, 1361414, '2020'),
(8654125, 1361414, '2020');

-- --------------------------------------------------------

--
-- Estructura de tabla para la tabla `pregunta`
--

CREATE TABLE `pregunta` (
  `CODI_ASSIGNATURA` int(11) NOT NULL,
  `ANY_ACADEMIC` varchar(7) NOT NULL,
  `NUM_PROVA` int(11) NOT NULL,
  `NUM_PREGUNTA` int(11) NOT NULL,
  `REQUADRE_MINX` int(11) DEFAULT NULL,
  `REQUADRE_MINY` int(11) DEFAULT NULL,
  `REQUADRE_MAXX` int(11) DEFAULT NULL,
  `REQUADRE_MAXY` int(11) DEFAULT NULL,
  `PUNTUACIO_MAXIMA` int(11) DEFAULT NULL
) ENGINE=InnoDB DEFAULT CHARSET=utf8;

-- --------------------------------------------------------

--
-- Estructura de tabla para la tabla `professor`
--

CREATE TABLE `professor` (
  `NIA` int(11) NOT NULL,
  `NOM` varchar(15) DEFAULT NULL,
  `COGNOMS` varchar(25) DEFAULT NULL,
  `CONTRASENYA` varchar(30) NOT NULL,
  `TIPUS_USUARI` tinyint(1) NOT NULL,
  `CORREU` varchar(30) NOT NULL
) ENGINE=InnoDB DEFAULT CHARSET=utf8;

--
-- Volcado de datos para la tabla `professor`
--

INSERT INTO `professor` (`NIA`, `NOM`, `COGNOMS`, `CONTRASENYA`, `TIPUS_USUARI`, `CORREU`) VALUES
(12323232, 'test', 'test', 'test', 0, 'test@gmail.com');

-- --------------------------------------------------------

--
-- Estructura de tabla para la tabla `prova`
--

CREATE TABLE `prova` (
  `CODI_ASSIGNATURA` int(11) NOT NULL,
  `ANY_ACADEMIC` varchar(7) NOT NULL,
  `NUM_PROVA` int(11) NOT NULL,
  `DESCRIPCIO` varchar(25) DEFAULT NULL,
  `NOTA_MAXIMA` int(11) DEFAULT NULL
) ENGINE=InnoDB DEFAULT CHARSET=utf8;

--
-- Volcado de datos para la tabla `prova`
--

INSERT INTO `prova` (`CODI_ASSIGNATURA`, `ANY_ACADEMIC`, `NUM_PROVA`, `DESCRIPCIO`, `NOTA_MAXIMA`) VALUES
(1361414, '2020', 1, 'Examen Redes 1', 10);

-- --------------------------------------------------------

--
-- Estructura de tabla para la tabla `rols`
--

CREATE TABLE `rols` (
  `NIA_PROFESSOR` int(11) NOT NULL,
  `CODI_ASSIGNATURA` int(11) NOT NULL,
  `ANY_ACADEMIC` varchar(7) NOT NULL,
  `ROL` varchar(15) DEFAULT NULL
) ENGINE=InnoDB DEFAULT CHARSET=utf8;

--
-- Índices para tablas volcadas
--

--
-- Indices de la tabla `ac`
--
ALTER TABLE `ac`
  ADD PRIMARY KEY (`NIA_ALUMNE`,`CODI_ASSIGNATURA`,`ANY_ACADEMIC`,`NUM_PROVA`,`NUM_PREGUNTA`,`NUM_CRITERI`),
  ADD KEY `NIA_ALUMNE` (`NIA_ALUMNE`),
  ADD KEY `NUM_CRITERI` (`NUM_CRITERI`),
  ADD KEY `CODI_ASSIGNATURA` (`CODI_ASSIGNATURA`),
  ADD KEY `ANY_ACADEMIC` (`ANY_ACADEMIC`),
  ADD KEY `NUM_PROVA` (`NUM_PROVA`),
  ADD KEY `NUM_PREGUNTA` (`NUM_PREGUNTA`);

--
-- Indices de la tabla `alumne`
--
ALTER TABLE `alumne`
  ADD PRIMARY KEY (`NIA`);

--
-- Indices de la tabla `ap`
--
ALTER TABLE `ap`
  ADD PRIMARY KEY (`NIA_ALUMNE`,`CODI_ASSIGNATURA`,`ANY_ACADEMIC`,`NUM_PROVA`),
  ADD KEY `ANY_ACADEMIC` (`ANY_ACADEMIC`),
  ADD KEY `NIA_ALUMNE` (`NIA_ALUMNE`),
  ADD KEY `CODI_ASSIGNATURA` (`CODI_ASSIGNATURA`),
  ADD KEY `NUM_PROVA` (`NUM_PROVA`);

--
-- Indices de la tabla `ap2`
--
ALTER TABLE `ap2`
  ADD PRIMARY KEY (`NIA_ALUMNE`,`CODI_ASSIGNATURA`,`ANY_ACADEMIC`,`NUM_PROVA`,`NUM_PREGUNTA`),
  ADD KEY `NIA_ALUMNE` (`NIA_ALUMNE`),
  ADD KEY `CODI_ASSIGNATURA` (`CODI_ASSIGNATURA`),
  ADD KEY `ANY_ACADEMIC` (`ANY_ACADEMIC`),
  ADD KEY `NUM_PROVA` (`NUM_PROVA`),
  ADD KEY `NUM_PREGUNTA` (`NUM_PREGUNTA`);

--
-- Indices de la tabla `assignatura`
--
ALTER TABLE `assignatura`
  ADD PRIMARY KEY (`CODI`,`ANY_ACADEMIC`),
  ADD KEY `ANY_ACADEMIC` (`ANY_ACADEMIC`),
  ADD KEY `CODI` (`CODI`);

--
-- Indices de la tabla `criteri`
--
ALTER TABLE `criteri`
  ADD PRIMARY KEY (`CODI_ASSIGNATURA`,`ANY_ACADEMIC`,`NUM_PROVA`,`NUM_PREGUNTA`,`NUM_CRITERI`),
  ADD KEY `NUM_CRITERI` (`NUM_CRITERI`),
  ADD KEY `CODI_ASSIGNATURA` (`CODI_ASSIGNATURA`),
  ADD KEY `ANY_ACADEMIC` (`ANY_ACADEMIC`),
  ADD KEY `NUM_PREGUNTA` (`NUM_PREGUNTA`),
  ADD KEY `NUM_PROVA` (`NUM_PROVA`);

--
-- Indices de la tabla `matricula`
--
ALTER TABLE `matricula`
  ADD PRIMARY KEY (`NIA_ALUMNE`,`CODI_ASSIGNATURA`,`ANY_ACADEMIC`),
  ADD KEY `NIA_ALUMNE` (`NIA_ALUMNE`),
  ADD KEY `ANY_ACADEMIC` (`ANY_ACADEMIC`),
  ADD KEY `CODI_ASSIGNATURA` (`CODI_ASSIGNATURA`);

--
-- Indices de la tabla `pregunta`
--
ALTER TABLE `pregunta`
  ADD PRIMARY KEY (`CODI_ASSIGNATURA`,`ANY_ACADEMIC`,`NUM_PROVA`,`NUM_PREGUNTA`),
  ADD KEY `NUM_PROVA` (`NUM_PROVA`),
  ADD KEY `NUM_PREGUNTA` (`NUM_PREGUNTA`),
  ADD KEY `CODI_ASSIGNATURA` (`CODI_ASSIGNATURA`),
  ADD KEY `ANY_ACADEMIC` (`ANY_ACADEMIC`);

--
-- Indices de la tabla `professor`
--
ALTER TABLE `professor`
  ADD PRIMARY KEY (`NIA`);

--
-- Indices de la tabla `prova`
--
ALTER TABLE `prova`
  ADD PRIMARY KEY (`CODI_ASSIGNATURA`,`ANY_ACADEMIC`,`NUM_PROVA`),
  ADD KEY `NUM_PROVA` (`NUM_PROVA`),
  ADD KEY `CODI_ASSIGNATURA` (`CODI_ASSIGNATURA`),
  ADD KEY `ANY_ACADEMIC` (`ANY_ACADEMIC`);

--
-- Indices de la tabla `rols`
--
ALTER TABLE `rols`
  ADD PRIMARY KEY (`NIA_PROFESSOR`,`CODI_ASSIGNATURA`,`ANY_ACADEMIC`),
  ADD KEY `NIA_PROFESSOR` (`NIA_PROFESSOR`),
  ADD KEY `CODI_ASSIGNATURA` (`CODI_ASSIGNATURA`),
  ADD KEY `ANY_ACADEMIC` (`ANY_ACADEMIC`);

--
-- Restricciones para tablas volcadas
--

--
-- Filtros para la tabla `ac`
--
ALTER TABLE `ac`
  ADD CONSTRAINT `ac_ibfk_1` FOREIGN KEY (`NIA_ALUMNE`) REFERENCES `alumne` (`NIA`) ON DELETE CASCADE,
  ADD CONSTRAINT `ac_ibfk_10` FOREIGN KEY (`ANY_ACADEMIC`) REFERENCES `criteri` (`ANY_ACADEMIC`) ON DELETE CASCADE,
  ADD CONSTRAINT `ac_ibfk_11` FOREIGN KEY (`NUM_PROVA`) REFERENCES `criteri` (`NUM_PROVA`) ON DELETE CASCADE,
  ADD CONSTRAINT `ac_ibfk_12` FOREIGN KEY (`NUM_PREGUNTA`) REFERENCES `criteri` (`NUM_PREGUNTA`) ON DELETE CASCADE,
  ADD CONSTRAINT `ac_ibfk_13` FOREIGN KEY (`NUM_CRITERI`) REFERENCES `criteri` (`NUM_CRITERI`) ON DELETE CASCADE,
  ADD CONSTRAINT `ac_ibfk_2` FOREIGN KEY (`CODI_ASSIGNATURA`) REFERENCES `criteri` (`CODI_ASSIGNATURA`) ON DELETE CASCADE,
  ADD CONSTRAINT `ac_ibfk_3` FOREIGN KEY (`NIA_ALUMNE`) REFERENCES `alumne` (`NIA`) ON DELETE CASCADE,
  ADD CONSTRAINT `ac_ibfk_4` FOREIGN KEY (`CODI_ASSIGNATURA`) REFERENCES `criteri` (`CODI_ASSIGNATURA`) ON DELETE CASCADE,
  ADD CONSTRAINT `ac_ibfk_5` FOREIGN KEY (`ANY_ACADEMIC`) REFERENCES `criteri` (`ANY_ACADEMIC`) ON DELETE CASCADE,
  ADD CONSTRAINT `ac_ibfk_6` FOREIGN KEY (`NUM_PROVA`) REFERENCES `criteri` (`NUM_PROVA`) ON DELETE CASCADE,
  ADD CONSTRAINT `ac_ibfk_7` FOREIGN KEY (`NUM_PREGUNTA`) REFERENCES `criteri` (`NUM_PREGUNTA`) ON DELETE CASCADE,
  ADD CONSTRAINT `ac_ibfk_8` FOREIGN KEY (`NIA_ALUMNE`) REFERENCES `alumne` (`NIA`) ON DELETE CASCADE,
  ADD CONSTRAINT `ac_ibfk_9` FOREIGN KEY (`CODI_ASSIGNATURA`) REFERENCES `criteri` (`CODI_ASSIGNATURA`) ON DELETE CASCADE;

--
-- Filtros para la tabla `ap`
--
ALTER TABLE `ap`
  ADD CONSTRAINT `ap_ibfk_1` FOREIGN KEY (`NIA_ALUMNE`) REFERENCES `alumne` (`NIA`) ON DELETE CASCADE,
  ADD CONSTRAINT `ap_ibfk_2` FOREIGN KEY (`CODI_ASSIGNATURA`) REFERENCES `prova` (`CODI_ASSIGNATURA`) ON DELETE CASCADE,
  ADD CONSTRAINT `ap_ibfk_3` FOREIGN KEY (`NIA_ALUMNE`) REFERENCES `alumne` (`NIA`) ON DELETE CASCADE,
  ADD CONSTRAINT `ap_ibfk_4` FOREIGN KEY (`CODI_ASSIGNATURA`) REFERENCES `prova` (`CODI_ASSIGNATURA`) ON DELETE CASCADE,
  ADD CONSTRAINT `ap_ibfk_5` FOREIGN KEY (`NUM_PROVA`) REFERENCES `prova` (`NUM_PROVA`) ON DELETE CASCADE,
  ADD CONSTRAINT `ap_ibfk_6` FOREIGN KEY (`NIA_ALUMNE`) REFERENCES `alumne` (`NIA`) ON DELETE CASCADE,
  ADD CONSTRAINT `ap_ibfk_7` FOREIGN KEY (`CODI_ASSIGNATURA`) REFERENCES `prova` (`CODI_ASSIGNATURA`) ON DELETE CASCADE,
  ADD CONSTRAINT `ap_ibfk_8` FOREIGN KEY (`NUM_PROVA`) REFERENCES `prova` (`NUM_PROVA`) ON DELETE CASCADE;

--
-- Filtros para la tabla `ap2`
--
ALTER TABLE `ap2`
  ADD CONSTRAINT `ap2_ibfk_1` FOREIGN KEY (`NIA_ALUMNE`) REFERENCES `alumne` (`NIA`) ON DELETE CASCADE,
  ADD CONSTRAINT `ap2_ibfk_10` FOREIGN KEY (`ANY_ACADEMIC`) REFERENCES `pregunta` (`ANY_ACADEMIC`) ON DELETE CASCADE,
  ADD CONSTRAINT `ap2_ibfk_11` FOREIGN KEY (`NUM_PROVA`) REFERENCES `pregunta` (`NUM_PROVA`) ON DELETE CASCADE,
  ADD CONSTRAINT `ap2_ibfk_12` FOREIGN KEY (`NUM_PREGUNTA`) REFERENCES `pregunta` (`NUM_PREGUNTA`) ON DELETE CASCADE,
  ADD CONSTRAINT `ap2_ibfk_2` FOREIGN KEY (`CODI_ASSIGNATURA`) REFERENCES `pregunta` (`CODI_ASSIGNATURA`) ON DELETE CASCADE,
  ADD CONSTRAINT `ap2_ibfk_3` FOREIGN KEY (`NIA_ALUMNE`) REFERENCES `alumne` (`NIA`) ON DELETE CASCADE,
  ADD CONSTRAINT `ap2_ibfk_4` FOREIGN KEY (`CODI_ASSIGNATURA`) REFERENCES `pregunta` (`CODI_ASSIGNATURA`) ON DELETE CASCADE,
  ADD CONSTRAINT `ap2_ibfk_5` FOREIGN KEY (`ANY_ACADEMIC`) REFERENCES `pregunta` (`ANY_ACADEMIC`) ON DELETE CASCADE,
  ADD CONSTRAINT `ap2_ibfk_6` FOREIGN KEY (`NUM_PROVA`) REFERENCES `pregunta` (`NUM_PROVA`) ON DELETE CASCADE,
  ADD CONSTRAINT `ap2_ibfk_7` FOREIGN KEY (`NUM_PREGUNTA`) REFERENCES `pregunta` (`NUM_PREGUNTA`) ON DELETE CASCADE,
  ADD CONSTRAINT `ap2_ibfk_8` FOREIGN KEY (`NIA_ALUMNE`) REFERENCES `alumne` (`NIA`) ON DELETE CASCADE,
  ADD CONSTRAINT `ap2_ibfk_9` FOREIGN KEY (`CODI_ASSIGNATURA`) REFERENCES `pregunta` (`CODI_ASSIGNATURA`) ON DELETE CASCADE;

--
-- Filtros para la tabla `criteri`
--
ALTER TABLE `criteri`
  ADD CONSTRAINT `criteri_ibfk_1` FOREIGN KEY (`CODI_ASSIGNATURA`) REFERENCES `pregunta` (`CODI_ASSIGNATURA`) ON DELETE CASCADE,
  ADD CONSTRAINT `criteri_ibfk_10` FOREIGN KEY (`NUM_PROVA`) REFERENCES `pregunta` (`NUM_PROVA`) ON DELETE CASCADE,
  ADD CONSTRAINT `criteri_ibfk_2` FOREIGN KEY (`CODI_ASSIGNATURA`) REFERENCES `pregunta` (`CODI_ASSIGNATURA`) ON DELETE CASCADE,
  ADD CONSTRAINT `criteri_ibfk_3` FOREIGN KEY (`CODI_ASSIGNATURA`) REFERENCES `pregunta` (`CODI_ASSIGNATURA`) ON DELETE CASCADE,
  ADD CONSTRAINT `criteri_ibfk_4` FOREIGN KEY (`ANY_ACADEMIC`) REFERENCES `pregunta` (`ANY_ACADEMIC`) ON DELETE CASCADE,
  ADD CONSTRAINT `criteri_ibfk_5` FOREIGN KEY (`NUM_PROVA`) REFERENCES `pregunta` (`NUM_PROVA`) ON DELETE CASCADE,
  ADD CONSTRAINT `criteri_ibfk_6` FOREIGN KEY (`NUM_PREGUNTA`) REFERENCES `pregunta` (`NUM_PREGUNTA`) ON DELETE CASCADE,
  ADD CONSTRAINT `criteri_ibfk_7` FOREIGN KEY (`CODI_ASSIGNATURA`) REFERENCES `pregunta` (`CODI_ASSIGNATURA`) ON DELETE CASCADE,
  ADD CONSTRAINT `criteri_ibfk_8` FOREIGN KEY (`ANY_ACADEMIC`) REFERENCES `pregunta` (`ANY_ACADEMIC`) ON DELETE CASCADE,
  ADD CONSTRAINT `criteri_ibfk_9` FOREIGN KEY (`NUM_PREGUNTA`) REFERENCES `pregunta` (`NUM_PREGUNTA`) ON DELETE CASCADE;

--
-- Filtros para la tabla `matricula`
--
ALTER TABLE `matricula`
  ADD CONSTRAINT `matricula_ibfk_1` FOREIGN KEY (`NIA_ALUMNE`) REFERENCES `alumne` (`NIA`) ON DELETE CASCADE,
  ADD CONSTRAINT `matricula_ibfk_10` FOREIGN KEY (`ANY_ACADEMIC`) REFERENCES `assignatura` (`ANY_ACADEMIC`) ON DELETE CASCADE,
  ADD CONSTRAINT `matricula_ibfk_11` FOREIGN KEY (`CODI_ASSIGNATURA`) REFERENCES `assignatura` (`CODI`) ON DELETE CASCADE,
  ADD CONSTRAINT `matricula_ibfk_12` FOREIGN KEY (`NIA_ALUMNE`) REFERENCES `alumne` (`NIA`) ON DELETE CASCADE,
  ADD CONSTRAINT `matricula_ibfk_2` FOREIGN KEY (`ANY_ACADEMIC`) REFERENCES `assignatura` (`ANY_ACADEMIC`) ON DELETE CASCADE,
  ADD CONSTRAINT `matricula_ibfk_3` FOREIGN KEY (`ANY_ACADEMIC`) REFERENCES `assignatura` (`ANY_ACADEMIC`) ON DELETE CASCADE,
  ADD CONSTRAINT `matricula_ibfk_4` FOREIGN KEY (`CODI_ASSIGNATURA`) REFERENCES `assignatura` (`CODI`) ON DELETE CASCADE,
  ADD CONSTRAINT `matricula_ibfk_5` FOREIGN KEY (`NIA_ALUMNE`) REFERENCES `alumne` (`NIA`) ON DELETE CASCADE,
  ADD CONSTRAINT `matricula_ibfk_6` FOREIGN KEY (`ANY_ACADEMIC`) REFERENCES `assignatura` (`ANY_ACADEMIC`) ON DELETE CASCADE,
  ADD CONSTRAINT `matricula_ibfk_7` FOREIGN KEY (`CODI_ASSIGNATURA`) REFERENCES `assignatura` (`CODI`) ON DELETE CASCADE,
  ADD CONSTRAINT `matricula_ibfk_8` FOREIGN KEY (`NIA_ALUMNE`) REFERENCES `alumne` (`NIA`) ON DELETE CASCADE,
  ADD CONSTRAINT `matricula_ibfk_9` FOREIGN KEY (`ANY_ACADEMIC`) REFERENCES `assignatura` (`ANY_ACADEMIC`) ON DELETE CASCADE;

--
-- Filtros para la tabla `pregunta`
--
ALTER TABLE `pregunta`
  ADD CONSTRAINT `pregunta_ibfk_1` FOREIGN KEY (`CODI_ASSIGNATURA`) REFERENCES `prova` (`CODI_ASSIGNATURA`) ON DELETE CASCADE,
  ADD CONSTRAINT `pregunta_ibfk_2` FOREIGN KEY (`CODI_ASSIGNATURA`) REFERENCES `prova` (`CODI_ASSIGNATURA`) ON DELETE CASCADE,
  ADD CONSTRAINT `pregunta_ibfk_3` FOREIGN KEY (`ANY_ACADEMIC`) REFERENCES `prova` (`ANY_ACADEMIC`) ON DELETE CASCADE,
  ADD CONSTRAINT `pregunta_ibfk_4` FOREIGN KEY (`CODI_ASSIGNATURA`) REFERENCES `prova` (`CODI_ASSIGNATURA`) ON DELETE CASCADE,
  ADD CONSTRAINT `pregunta_ibfk_5` FOREIGN KEY (`ANY_ACADEMIC`) REFERENCES `prova` (`ANY_ACADEMIC`) ON DELETE CASCADE,
  ADD CONSTRAINT `pregunta_ibfk_6` FOREIGN KEY (`NUM_PROVA`) REFERENCES `prova` (`NUM_PROVA`) ON DELETE CASCADE,
  ADD CONSTRAINT `pregunta_ibfk_7` FOREIGN KEY (`CODI_ASSIGNATURA`) REFERENCES `prova` (`CODI_ASSIGNATURA`) ON DELETE CASCADE,
  ADD CONSTRAINT `pregunta_ibfk_8` FOREIGN KEY (`ANY_ACADEMIC`) REFERENCES `prova` (`ANY_ACADEMIC`) ON DELETE CASCADE,
  ADD CONSTRAINT `pregunta_ibfk_9` FOREIGN KEY (`NUM_PROVA`) REFERENCES `prova` (`NUM_PROVA`) ON DELETE CASCADE;

--
-- Filtros para la tabla `prova`
--
ALTER TABLE `prova`
  ADD CONSTRAINT `prova_ibfk_1` FOREIGN KEY (`CODI_ASSIGNATURA`) REFERENCES `assignatura` (`CODI`) ON DELETE CASCADE,
  ADD CONSTRAINT `prova_ibfk_2` FOREIGN KEY (`CODI_ASSIGNATURA`) REFERENCES `assignatura` (`CODI`) ON DELETE CASCADE,
  ADD CONSTRAINT `prova_ibfk_3` FOREIGN KEY (`ANY_ACADEMIC`) REFERENCES `assignatura` (`ANY_ACADEMIC`) ON DELETE CASCADE,
  ADD CONSTRAINT `prova_ibfk_4` FOREIGN KEY (`CODI_ASSIGNATURA`) REFERENCES `assignatura` (`CODI`) ON DELETE CASCADE,
  ADD CONSTRAINT `prova_ibfk_5` FOREIGN KEY (`ANY_ACADEMIC`) REFERENCES `assignatura` (`ANY_ACADEMIC`) ON DELETE CASCADE,
  ADD CONSTRAINT `prova_ibfk_6` FOREIGN KEY (`CODI_ASSIGNATURA`) REFERENCES `assignatura` (`CODI`) ON DELETE CASCADE,
  ADD CONSTRAINT `prova_ibfk_7` FOREIGN KEY (`ANY_ACADEMIC`) REFERENCES `assignatura` (`ANY_ACADEMIC`) ON DELETE CASCADE;

--
-- Filtros para la tabla `rols`
--
ALTER TABLE `rols`
  ADD CONSTRAINT `rols_ibfk_1` FOREIGN KEY (`NIA_PROFESSOR`) REFERENCES `professor` (`NIA`) ON DELETE CASCADE,
  ADD CONSTRAINT `rols_ibfk_10` FOREIGN KEY (`CODI_ASSIGNATURA`) REFERENCES `assignatura` (`CODI`) ON DELETE CASCADE,
  ADD CONSTRAINT `rols_ibfk_11` FOREIGN KEY (`NIA_PROFESSOR`) REFERENCES `professor` (`NIA`) ON DELETE CASCADE,
  ADD CONSTRAINT `rols_ibfk_12` FOREIGN KEY (`CODI_ASSIGNATURA`) REFERENCES `assignatura` (`CODI`) ON DELETE CASCADE,
  ADD CONSTRAINT `rols_ibfk_13` FOREIGN KEY (`NIA_PROFESSOR`) REFERENCES `professor` (`NIA`) ON DELETE CASCADE,
  ADD CONSTRAINT `rols_ibfk_14` FOREIGN KEY (`CODI_ASSIGNATURA`) REFERENCES `assignatura` (`CODI`) ON DELETE CASCADE,
  ADD CONSTRAINT `rols_ibfk_15` FOREIGN KEY (`NIA_PROFESSOR`) REFERENCES `professor` (`NIA`) ON DELETE CASCADE,
  ADD CONSTRAINT `rols_ibfk_16` FOREIGN KEY (`CODI_ASSIGNATURA`) REFERENCES `assignatura` (`CODI`) ON DELETE CASCADE,
  ADD CONSTRAINT `rols_ibfk_17` FOREIGN KEY (`ANY_ACADEMIC`) REFERENCES `assignatura` (`ANY_ACADEMIC`) ON DELETE CASCADE,
  ADD CONSTRAINT `rols_ibfk_18` FOREIGN KEY (`NIA_PROFESSOR`) REFERENCES `professor` (`NIA`) ON DELETE CASCADE,
  ADD CONSTRAINT `rols_ibfk_19` FOREIGN KEY (`CODI_ASSIGNATURA`) REFERENCES `assignatura` (`CODI`) ON DELETE CASCADE,
  ADD CONSTRAINT `rols_ibfk_2` FOREIGN KEY (`CODI_ASSIGNATURA`) REFERENCES `assignatura` (`CODI`) ON DELETE CASCADE,
  ADD CONSTRAINT `rols_ibfk_20` FOREIGN KEY (`ANY_ACADEMIC`) REFERENCES `assignatura` (`ANY_ACADEMIC`) ON DELETE CASCADE,
  ADD CONSTRAINT `rols_ibfk_21` FOREIGN KEY (`NIA_PROFESSOR`) REFERENCES `professor` (`NIA`) ON DELETE CASCADE,
  ADD CONSTRAINT `rols_ibfk_22` FOREIGN KEY (`CODI_ASSIGNATURA`) REFERENCES `assignatura` (`CODI`) ON DELETE CASCADE,
  ADD CONSTRAINT `rols_ibfk_23` FOREIGN KEY (`ANY_ACADEMIC`) REFERENCES `assignatura` (`ANY_ACADEMIC`) ON DELETE CASCADE,
  ADD CONSTRAINT `rols_ibfk_24` FOREIGN KEY (`NIA_PROFESSOR`) REFERENCES `professor` (`NIA`) ON DELETE CASCADE,
  ADD CONSTRAINT `rols_ibfk_25` FOREIGN KEY (`CODI_ASSIGNATURA`) REFERENCES `assignatura` (`CODI`) ON DELETE CASCADE,
  ADD CONSTRAINT `rols_ibfk_26` FOREIGN KEY (`ANY_ACADEMIC`) REFERENCES `assignatura` (`ANY_ACADEMIC`) ON DELETE CASCADE,
  ADD CONSTRAINT `rols_ibfk_27` FOREIGN KEY (`NIA_PROFESSOR`) REFERENCES `professor` (`NIA`) ON DELETE CASCADE,
  ADD CONSTRAINT `rols_ibfk_28` FOREIGN KEY (`CODI_ASSIGNATURA`) REFERENCES `assignatura` (`CODI`) ON DELETE CASCADE,
  ADD CONSTRAINT `rols_ibfk_29` FOREIGN KEY (`ANY_ACADEMIC`) REFERENCES `assignatura` (`ANY_ACADEMIC`) ON DELETE CASCADE,
  ADD CONSTRAINT `rols_ibfk_3` FOREIGN KEY (`NIA_PROFESSOR`) REFERENCES `professor` (`NIA`) ON DELETE CASCADE,
  ADD CONSTRAINT `rols_ibfk_4` FOREIGN KEY (`CODI_ASSIGNATURA`) REFERENCES `assignatura` (`CODI`) ON DELETE CASCADE,
  ADD CONSTRAINT `rols_ibfk_5` FOREIGN KEY (`NIA_PROFESSOR`) REFERENCES `professor` (`NIA`) ON DELETE CASCADE,
  ADD CONSTRAINT `rols_ibfk_6` FOREIGN KEY (`CODI_ASSIGNATURA`) REFERENCES `assignatura` (`CODI`) ON DELETE CASCADE,
  ADD CONSTRAINT `rols_ibfk_7` FOREIGN KEY (`NIA_PROFESSOR`) REFERENCES `professor` (`NIA`) ON DELETE CASCADE,
  ADD CONSTRAINT `rols_ibfk_8` FOREIGN KEY (`CODI_ASSIGNATURA`) REFERENCES `assignatura` (`CODI`) ON DELETE CASCADE,
  ADD CONSTRAINT `rols_ibfk_9` FOREIGN KEY (`NIA_PROFESSOR`) REFERENCES `professor` (`NIA`) ON DELETE CASCADE;
COMMIT;

/*!40101 SET CHARACTER_SET_CLIENT=@OLD_CHARACTER_SET_CLIENT */;
/*!40101 SET CHARACTER_SET_RESULTS=@OLD_CHARACTER_SET_RESULTS */;
/*!40101 SET COLLATION_CONNECTION=@OLD_COLLATION_CONNECTION */;
